,,,,,,Wallet Information,,,,,,,,,
,,,,,,소속,Wallet Name,Memo,Asset,Chain,Address,,Safe_Fee,0x35543640d35Fe0ea2c1E735933D87468B2BFAB36,
,,,,,,Client,LCH_개인(real),LCH Client_real,"USDT, ETH, ",ERC20,,,,,
,,,,,,Client,LCH_개인(fake),LCH Client,"USDT, ETH, ",ERC20,0x5dd2a767dcbd3ab7b429692103d0175f2ee5332e,,LCH_개인(fake),0x5dd2a767dcbd3ab7b429692103d0175f2ee5332e,
,,,,,,WaveSG,WaveSG_LCH,Safe Wallet_LCH,"USDT, ETH, ",ERC20,0x3ebf0b12963041e7b4448f4563680f232c3d1b45,,WaveSG_LCH,0x3ebf0b12963041e7b4448f4563680f232c3d1b45,
,,,,,,OJW,Binance_OJW,Binance_OJW,"USDT, ETH, ",ERC20,0x5d3A056ba15913ECCA127B31d8Aa0f26316B219A,,,,
,,,,,,Client,LES_개인(fake),LES Client,BTC,Bitcoin,bc1padp3n2ht0uhrk5nn0s5t689pl64625j5xhrsztqp48z5009deumqegrkkc,,* Transaction Fee: OJW/SB에서 모두 부담,,
,,,,,,WaveSG,WaveSG_LES,Ledger_LES,BTC,Bitcoin,bc1pd5h5av7dny3g7farjul5q0jlr63wjp7qzft79kn45fd2j8wdxw3slae7kf,,,,
,,,,,,,,,,,,,,,
Entity Type,Client,D/W,Deal Code,Start date,End date,Transaction Time,Amount,Asset,From,To,txid,Memo,비고,,
OJW,PSH,Deposit(External),PSH_2025P01A,2025-01-17,2025-01-31,2025-01-15 16:10,15.50,USDT,PSH_개인,Safe Wallet,https://etherscan.io/tx/0xe2ca8340f3c4aada2a90c7bc3294f682d03fb0b60d602cd3b3e7591737283c69,,,,
OJW,PSH,Deposit(External),PSH_2025P01A,2025-01-17,2025-01-31,2025-01-15 16:25,"54,295.50",USDT,PSH_개인,Safe Wallet,https://etherscan.io/tx/0xcaf0237050c402c404fbf5000351149c9051ab995905cf8b6c8deef99980b224,,,,
OJW,PSH,Deposit(Internal),PSH_2025P01A,2025-01-17,2025-01-31,2025-01-15 16:48,"54,311.00",USDT,Safe Wallet,거래소,https://etherscan.io/tx/0x0aadb5233c92e6b0daf244b5bb443177f9e6a2149014455a34b5f3c0803ae030,,,,
OJW,PSH,Deposit(External),PSH_2024E03A_USDT,2024-12-09,2025-06-04,2025-02-28 15:03,"5,588.00",USDT,PSH_개인,Safe Wallet,https://etherscan.io/tx/0x281d4db777355cd29ea327bc4d7cc4f9ba35fa3b332f395aea1e386dc99a1e06,,,,
OJW,PSH,Deposit(Internal),PSH_2024E03A_USDT,2024-12-09,2025-06-04,2025-02-28 16:27,"5,588.15",USDT,Safe Wallet,거래소,https://etherscan.io/tx/0xbb05cd3c3a86533c61d05b420df0c9c8eb637c5c8214d93f27243219aa0cce54,,,,
OJW,PSH,Deposit(External),PSH_2024E03A_USDT,2024-12-09,2025-06-04,2025-05-14 14:04,9.00,USDT,PSH_개인,WaveSG,https://tronscan.org/#/transaction/bf6265fb59f113281c33dd73b8e5eccefc289ee4d83a7cb5f205c061352b2ec4,,,,
OJW,PSH,Deposit(External),PSH_2024E03A_USDT,2024-12-09,2025-06-04,2025-05-14 14:07,"29,991.00",USDT,PSH_개인,WaveSG,https://tronscan.org/#/transaction/7218c00af31cd6370c551bd3138f0af20be27de5acce12327a62f7526bcdcf68,,,,
OJW,PSH,Deposit(Internal),PSH_2024E03A_USDT,2024-12-09,2025-06-04,2025-05-14 14:16,"30,000.00",USDT,WaveSG,SBTrading(SB),https://tronscan.org/#/transaction/ab11817084e943d6be409b891803d3a92753484c105ca972743edd3046a4f1ea,,,,
SG,EYK,Deposit(External),EYK_2025E01A_USDT,2025-05-13,2025-06-04,2025-05-13 23:21,9.00,USDT,EYK_개인(real),WaveSG,https://tronscan.org/#/transaction/3090b3eb007ea230b465c25493fb8781781d3b4408f006aebf103a04b208130d,,,,
SG,EYK,Deposit(External),EYK_2025E01A_USDT,2025-05-13,2025-06-04,2025-05-13 23:21,"30,000.00",USDT,EYK_개인(real),WaveSG,https://tronscan.org/#/transaction/074c18f6cffd88ad4926e311552350dc65fa60cc0ec620d0afbaffd742321be6,,,,
SG,EYK,Deposit(External),EYK_2025E01A_USDT,2025-05-13,2025-06-04,2025-05-13 23:21,"38,519.51",USDT,EYK_개인(fake),WaveSG,https://web3.okx.com/explorer/ethereum/tx/0x69d7fc9cc2b80d4de297770c1b436e03bd60a8f3d11af4d15f6374babc14f4dd,,,,
SG,EYK,Deposit(Internal),EYK_2025E01A_USDT,2025-05-13,2025-06-04,2025-05-13 23:21,"38,519.51",USDT,WaveSG,Binance_OJW,https://etherscan.io/tx/0x57616704097691ac2fd8b768fcc2850548e7fac1a6315167734a4f55c5ec00ff,,2025-05-13,,
SG,EYK,Deposit(Internal),EYK_2025E01A_USDT,2025-05-13,2025-06-04,2025-05-13 23:21,"30,009.00",USDT,WaveSG,Binance_OJW,https://tronscan.org/#/transaction/53046ba390acdda6ec84a5a7be73e19585effaca036d56594af5a1f88a5c3b67,,,,
SG,EYK,Deposit(External),EYK_2025E02A_USDT,2025-06-04,2025-07-31,2025-06-04 17:53,9.00,USDT,EYK,WaveSG,https://tronscan.org/#/transaction/7b37573239ecb104accca04802e539201ca6c0c199ead99d8239ca94761be4de,추가입금,2025. 6. 4,,
SG,EYK,Deposit(External),EYK_2025E02A_USDT,2025-06-04,2025-07-31,2025-06-04 17:56,"31,114.00",USDT,EYK,WaveSG,https://tronscan.org/#/transaction/44545307dde41f51802bd6eb36148ea21e5e620fb328835ad90a13e1c54d1267,추가입금,,,
SG,EYK,Deposit(Internal),EYK_2025E02A_USDT,2025-06-04,2025-07-31,2025-06-04 18:10,"31,123.00",USDT,WaveSG,SBTrading,https://tronscan.org/#/transaction/436733bf05e0c25f6a9ef905849478666e640093ce3e32091703281ea9f3f325,,2025. 6. 4,,
SG,EYK,Withdrawal(Internal),EYK_2025E02A_USDT,2025-06-04,2025-07-31,,"100,728.01",USDT,SBTrading(SB),CSP Settle_SG,https://etherscan.io/tx/0x8a3c62f4b18a35ab15104ba8b4368bca03f3b04fa29d770a6d88b16f323dcc20,EYK_2025E01A_USDT 롤오버 + 추가입금,,,
SG,EYK,Withdrawal(External),EYK_2025E02A_USDT,2025-06-04,2025-07-31,,"100,728.01",USDT,CSP Settle_SG,EYK_개인(fake),https://etherscan.io/tx/0xbf7ebc97f65cd90cf7f5d0afd53dc314caafff6d24d66e4a49c9b78bbb70a2ba,,,,
SG,JW,Deposit(External),JW_2025E02A_USDT,2025-05-08,2025-05-16,2025-05-13 23:21,"200,000.00",USDT,JW_개인(fake),WaveSG,https://etherscan.io/tx/0x95edcf4f4ac44988d3fa3b7558b4b0c9b3863c90fa914d9ccad3868529d2692f,가입(Client->WaveSG),2025-05-08,,
SG,JW,Deposit(Internal),JW_2025E02A_USDT,2025-05-08,2025-05-16,2025-05-13 23:21,"200,000.00",USDT,WaveSG,SBTrading(SB),https://etherscan.io/tx/0x0238e4a4c909d6ab4ff78090d523a03749a8268f707a07a4a47fbb1b209ef712,가입(WaveSG->SB),2025-05-08,,
SG,JW,Deposit(Internal),JW_2025P01A,2025-05-16,2025-08-29,,"200,153.42",USDT,JW_2025E02A_USDT,JW_2025P01A,롤오버,,,,
SG,JW,Withdrawal(Internal),JW_2025P01A,2025-05-16,2025-08-29,,"200,153.42",USDT,SBTrading(SB),CSP Settle_SG,https://etherscan.io/tx/0xd69ff5bb092033385008e96ee4440c047bd4a8cf0dff6746620944199aecbb44,,,,
SG,JW,Withdrawal(External),JW_2025P01A,2025-05-16,2025-08-29,,"200,153.42",USDT,CSP Settle_SG,JW_개인,https://etherscan.io/tx/0x2bb654df725c5f472244d7225d36c8ce0c34f65e2b9d60d76c7a3e6b3a6bb8b5,,,,
SG,LCH,Deposit(External),LCH_2025E01A_USDT,2025-02-10,2025-08-08,2025-02-20 22:00,10.00,USDT,LCH_개인(fake),WaveSG,https://www.okx.com/web3/explorer/eth/tx/0x68acb5a0b8a660a7f58f5166f38f99645f3f0962ea995c8b6931d8c9479c0d38,Client -> WaveSG Deposit-페니,,,
SG,LCH,Deposit(External),LCH_2025E01A_USDT,2025-02-10,2025-08-08,2025-02-20 22:00,"899,990.00",USDT,LCH_개인(fake),WaveSG,https://www.okx.com/web3/explorer/eth/tx/0x63aba0dc8a40a1597471f43c4f6442a792d4c92a31c0117c3eda2dd61636c385,Client -> WaveSG Deposit-본,,,
SG,LCH,Deposit(Internal),LCH_2025E01A_USDT,2025-02-10,2025-08-08,2025-02-20 22:00,"900,000.00",USDT,WaveSG,Binance_OJW,https://etherscan.io/tx/0xb102ecd2492a525d02dfe67933aecd3514cda36c8e4f66fc65d6cea411391d6cc,WaveSG -> OJW 대차,,,
SG,LCH,Deposit(External),LCH_2025E01A_USDT,2025-02-10,2025-08-08,2025-02-20 22:00,17.00,USDT,LCH_개인(fake),WaveSG,https://etherscan.io/tx/0x97b1b422b1382a4c509bb484135db7d6fdfd134bb9f2bfb10595305fb4c15adf,Client -> WaveSG Deposit-페니,,,
SG,LCH,Deposit(External),LCH_2025E01A_USDT,2025-02-10,2025-08-08,2025-02-20 22:00,"799,977.00",USDT,LCH_개인(fake),WaveSG,https://etherscan.io/tx/0xeed7135f4734221df4c8c58767d7e67c36231db73a9822cd075e4dbee22b2200,Client -> WaveSG Deposit-본,,,
SG,LCH,Deposit(Internal),LCH_2025E01A_USDT,2025-02-10,2025-08-08,2025-02-20 22:00,"799,994.00",USDT,WaveSG,Binance_OJW,https://etherscan.io/address/0x5d3a056ba15913ecca127b31d8aa0f26316b219a,WaveSG -> OJW 대차,,,
SG,LCH,Deposit(External),LCH_2025E03A_USDT,2025-05-29,2025-06-04,,9.00,USDT,LCH,FB_LCH,https://tronscan.org/#/transaction/5cd8ab6d8e613c0700228d013e20538d8340835d641182338f1feca7facc4423,,,,
SG,LCH,Deposit(External),LCH_2025E03A_USDT,2025-05-29,2025-06-04,,"199,989.00",USDT,LCH,FB_LCH,https://tronscan.org/#/transaction/d53624995905a3e5375b9e36e9ea702a9393f04d9ff9807d0d67c79ec2c0f5ec,,,,
SG,LCH,Deposit(Internal),LCH_2025E03A_USDT,2025-05-29,2025-06-04,,"200,000.00",USDT,FB_LCH,SBTrading,https://tronscan.org/#/transaction/8122c6f229705551663b852ca2421b4fd36aab10f311822f1eeac55067acc773,,,,
SG,LCH,Deposit(External),LCH_2025E04A_USDT,2025-06-04,2025-12-04,2025-06-04 15:50,"299,999.00",USDT,LCH,WaveSG,https://tronscan.org/#/transaction/949af832c995294ef484b8c50ea7ef9d3bf3fc048c121a51cd86185f139ace5f,,,,
SG,LCH,Deposit(Internal),LCH_2025E04A_USDT,2025-06-04,2025-12-04,2025-06-04 17:17,"299,999.00",USDT,WaveSG,SBTrading,https://tronscan.org/#/transaction/ea1ac260f10a79368dcbabed48005e42edd49390d84f96f2d337daf80edf77b3,,,,
SG,LCH,Deposit(Internal),LCH_2025E04A_USDT,2025-06-04,2025-12-04,2025-06-04 17:40,"299,999.00",USDT,SBTrading,Binance - BINANCE_SB,https://tronscan.org/#/transaction/bd9c9a13a8884d21877cf1453942bf476220595039153579ef1b78e2e802e6b5,,,,
HK,SWS,Deposit(Internal),SWS_2025P19,2025-10-31,2025-11-14,,120.00,ETH,SWS_2025P14,SWS_2025P19,롤오버,,,,
HK,SWS,Deposit(Internal),SWS_2025P20,2025-11-14,2025-11-28,,3.00,BTC,SWS_2025P11,SWS_2025P20,롤오버,,,,
SG,LCH,Withdrawal(Internal),LCH_2025E05A_USDT,2025-06-04,2025-10-31,2025-05-29 15:06,"199,998.00",USDT,SBTrading,WaveSG,https://tronscan.org/#/transaction/d53624995905a3e5375b9e36e9ea702a9393f04d9ff9807d0d67c79ec2c0f5ec,,,,
SG,LCH,Withdrawal(External),LCH_2025E05A_USDT,2025-06-04,2025-10-31,2025-05-29 15:18,"199,998.00",USDT,WaveSG,LCH,https://tronscan.org/#/transaction/981e8b51e116b33e33a46076bf90a9c7323d3f551cf78b8e68b2ec2908ad9788,,,,
SG,LCH,Deposit(Internal),LCH_2025E06A_USDT,2025-08-08,2025-12-04,,"  1,700,000 ",USDT,LCH_2025E01A_USDT,LCH_2025E06A_USDT,롤오버,,,,
SG,LCH,Deposit(Internal),LCH_2025E07A_USDT,2025-12-04,2026-03-04,,"  2,000,000 ",USDT,LCH_2025E06A_USDT,LCH_2025E07A_USDT,롤오버,,,,
SG,LES,Withdrawal(External),LES_2025E01A_BTC,2025-02-16,2025-06-09,2025-02-20 22:22,0.00,BTC,Binance_OJW,LES_개인(fake),https://www.blockchain.com/en/explorer/transactions/btc/a208e5e0602ad7a70f5b8861164899d22a48c7e20e2f4606b686d2cb8f71e2b4,기존 OJW딜 상환-페니,,,
SG,LES,Withdrawal(External),LES_2025E01A_BTC,2025-02-16,2025-06-09,2025-02-20 22:22,20.00,BTC,Binance_OJW,LES_개인(fake),https://www.blockchain.com/en/explorer/transactions/btc/0071a4a53167ac0caeab841250957426e545916224d82ddb3b820c313bc6e99d,기존 OJW딜 상환-본,,,
SG,LES,Deposit(External),LES_2025E01A_BTC,2025-02-16,2025-06-09,2025-02-20 22:22,0.00,BTC,LES_개인(fake),WaveSG_LES,https://www.okx.com/web3/explorer/btc/tx/0f6224316b8e5115a24087e8396db69897f59bbd5b3ce1983bc393055c21741d,Client -> WaveSG Deposit-페니,,,
SG,LES,Deposit(External),LES_2025E01A_BTC,2025-02-16,2025-06-09,2025-02-20 22:22,19.9998,BTC,LES_개인(fake),WaveSG_LES,https://www.okx.com/web3/explorer/btc/tx/8704593a8767a8e0279a02405fcc2ddb7f23f5fdeba335c400cee6b7654647f0,Client -> WaveSG Deposit-본1차,,,
SG,LES,Deposit(Internal),LES_2025E01A_BTC,2025-02-16,2025-06-09,2025-02-20 22:22,0.00009,BTC,WaveSG_LES,Binance_OJW,https://www.okx.com/web3/explorer/btc/tx/ff2d6ca6a29ef835c742fa487b63c1553bb1f743680f83e937e17deb94b96eb8,WaveSG -> OJW 대차-페니,,,
SG,LES,Deposit(Internal),LES_2025E01A_BTC,2025-02-16,2025-06-09,2025-02-21 18:22,20.00,BTC,WaveSG_LES,Binance_OJW,https://www.blockchain.com/en/explorer/transactions/btc/83ed1f1dba69dde76beb33e49a1693387568c187ed13b15d8fe5b6dc74362980,WaveSG -> OJW 대차-본건1차,,,
SG,LES,Deposit(External),LES_2025E01A_BTC,2025-02-16,2025-06-09,2025-02-21 18:22,20.00,BTC,LES_개인(fake),WaveSG_LES,https://www.okx.com/web3/explorer/btc/tx/0753bfb0d384a8b3eb7259146eaefc9b6a5f317139a2f8087eda01ef34653350,Client -> WaveSG Deposit-본2차,,,
SG,LES,Deposit(Internal),LES_2025E01A_BTC,2025-02-16,2025-06-09,2025-02-21 18:22,20.00,BTC,WaveSG_LES,Binance_OJW,https://www.blockchain.com/explorer/addresses/btc/15tw2KQE8spZHfP1WRG48WoW1PDkRwcqkX,WaveSG -> OJW 대차-본건2차,,,
SG,LES,Deposit(External),LES_2025E01A_BTC,2025-02-16,2025-06-09,2025-02-21 18:22,11.73,BTC,LES_개인(fake),WaveSG_LES,https://www.okx.com/web3/explorer/btc/tx/acd5e662b0d7682062a36757077ba505e939506c1ead40cf15d179974a5c414e,Client -> WaveSG Deposit-본3차,,,
SG,LES,Deposit(Internal),LES_2025E01A_BTC,2025-02-16,2025-06-09,2025-02-21 18:22,11.73,BTC,WaveSG_LES,Binance_OJW,https://www.okx.com/web3/explorer/btc/tx/73986138c8e2a27ab62c95d099a536308e4b5f640c914ecf2f1e0764205fa995,WaveSG -> OJW 대차-본건3차,,,
SG,LES,Withdrawal(External),LES_2025E01A_BTC,2025-02-16,2025-06-09,2025-02-21 17:46,20.00,BTC,Binance_OJW,LES_개인(fake),https://www.okx.com/web3/explorer/btc/tx/0753bfb0d384a8b3eb7259146eaefc9b6a5f317139a2f8087eda01ef34653350,OJW -> LES(fake),<- 아무도 몰라야하는거,,
SG,LES,Withdrawal(External),LES_2025E01A_BTC,2025-02-16,2025-06-09,2025-02-21 17:46,11.73,BTC,Binance_OJW,LES_개인(fake),https://www.blockchain.com/explorer/addresses/btc/bc1padp3n2ht0uhrk5nn0s5t689pl64625j5xhrsztqp48z5009deumqegrkkcc,OJW -> LES(fake),<- 아무도 몰라야하는거2,,
SG,LES,Deposit(External),LES_2025E02A_BTC,2025-06-09,2025-08-16,2025-06-30,9.0000,BTC,LES_개인,WaveSG,https://blockchair.com/bitcoin/transaction/892efca0d0dc2aba040026d783525ae6e0ccfa68003a5c69092e296ca7468189,,sbtrading -> trash -> trash_sg -> sbtrading,,
SG,LES,Deposit(External),LES_2025E02A_BTC,2025-06-09,2025-08-16,2025-06-30,9.0000,BTC,LES_개인,WaveSG,https://blockchair.com/bitcoin/transaction/1d72821aa1891be1bacb908442eb983e12273526fe3ce61416b5386ce0e147c3,,,,
SG,LES,Deposit(External),LES_2025E02A_BTC,2025-06-09,2025-08-16,2025-06-30,9.0000,BTC,LES_개인,WaveSG,https://blockchair.com/bitcoin/transaction/45effa3b870789c1d2114d38a69bb960bd7885515110bcb642b0a577b47d258b,,,,
SG,LES,Deposit(External),LES_2025E02A_BTC,2025-06-09,2025-08-16,2025-06-30,9.0000,BTC,LES_개인,WaveSG,https://blockchair.com/bitcoin/transaction/45b82b03cf40a6e539b03d979c5214a5ab1e0c2f5935ab33b6befed77eb9576d,,,,
SG,LES,Deposit(External),LES_2025E02A_BTC,2025-06-09,2025-08-16,2025-06-30,9.0000,BTC,LES_개인,WaveSG,https://blockchair.com/bitcoin/transaction/26a60586c014aa97969f4eae933afeb0085a3cf5d26226c7752e6d05e9d18d9c,,,,
SG,LES,Deposit(External),LES_2025E02A_BTC,2025-06-09,2025-08-16,2025-06-30,3.1359,BTC,LES_개인,WaveSG,https://blockchair.com/bitcoin/transaction/9f5c00c786f54fee34099a47f40723e54109589f5600bd2567f730fc99b5890d,,,,
SG,LES,Deposit(Internal),LES_2025E02A_BTC,2025-06-09,2025-08-16,2025-06-30,9.00,BTC,WaveSG,SBTrading,https://blockchair.com/bitcoin/transaction/a14a193a900e13ad96c645a40c2745e42c646527c31e0eed7a50746a0eda7061,,,,
SG,LES,Deposit(Internal),LES_2025E02A_BTC,2025-06-09,2025-08-16,2025-06-30,9.00,BTC,WaveSG,SBTrading,https://blockchair.com/bitcoin/transaction/2b42e0bbd19012740a84d2f245d25e2e696f746655dc4c40216ca86e4ee45333,,,,
SG,LES,Deposit(Internal),LES_2025E02A_BTC,2025-06-09,2025-08-16,2025-06-30,9.00,BTC,WaveSG,SBTrading,https://blockchair.com/bitcoin/transaction/6178285d7276eccb067e73383151229c1c62ea170e9636168ae50e387aa4f737,,,,
SG,LES,Deposit(Internal),LES_2025E02A_BTC,2025-06-09,2025-08-16,2025-06-30,9.00,BTC,WaveSG,SBTrading,https://blockchair.com/bitcoin/transaction/1ffc6b2fd0598fe9ee1d0ffa13dc5e616faea7e2343f9d2aa64080381af6ce58,,,,
SG,LES,Deposit(Internal),LES_2025E02A_BTC,2025-06-09,2025-08-16,2025-06-30,9.00,BTC,WaveSG,SBTrading,https://blockchair.com/bitcoin/transaction/6a541e9714b91ea6d4e233c60b14f0b450fa6aa8b43f01535eec75f7396e2576,,,,
SG,LES,Deposit(Internal),LES_2025E02A_BTC,2025-06-09,2025-08-16,2025-06-30,3.14,BTC,WaveSG,SBTrading,https://blockchair.com/bitcoin/transaction/065e779a5bbdfa45344527260d9fbf826462f7cdb911e1a455e88e1a344bf24d,,,,
SG,LES,Deposit(Internal),LES_2025E03A_BTC,2025-09-26,2025-12-26,중복,  50.00 ,BTC,LES_2025P03A,LES_2025E03A_BTC,롤오버,,,,
SG,LES,Deposit(External),LES_2025P02A,2025-06-27,2025-09-26,2025-06-27,24.99,BTC,LES_개인(fake),WaveSG,https://live.blockcypher.com/btc/tx/ae4769b900bf74be67a28d5c6227c865b1f0874266e69c116ac107e47afbdb58,,,,
SG,LES,Deposit(External),LES_2025P02A,2025-06-27,2025-09-26,2025-06-27,23.37,BTC,LES_개인(fake),WaveSG,https://live.blockcypher.com/btc/tx/729a899478f83de8d6431ba702e0a86b977b3045f5a164bbf7693ae87e41fc36/,,,,
SG,LES,Deposit(External),LES_2025P02A,2025-06-27,2025-09-26,2025-06-27,28.32,BTC,LES_개인(fake),WaveSG,https://live.blockcypher.com/btc/tx/14c4dde9a942e85366a28e04dc20ac6441fc7f1f1ece5e367b1ac816e9f10e1a/,,,,
SG,LES,Deposit(External),LES_2025P02A,2025-06-27,2025-09-26,2025-06-27,28.32,BTC,LES_개인(fake),WaveSG,https://live.blockcypher.com/btc/tx/e4e1688129edcc80da89d08ee92cc20c753e153052a8d38135d3ee2f873cddbc/,,,,
SG,LES,Deposit(Internal),LES_2025P02A,2025-06-27,2025-09-26,2025-06-27,24.99,BTC,SBTrading,Binance - BINANCE_SB,https://live.blockcypher.com/btc/tx/ae4769b900bf74be67a28d5c6227c865b1f0874266e69c116ac107e47afbdb58/,,,,
SG,LES,Deposit(Internal),LES_2025P02A,2025-06-27,2025-09-26,2025-06-27,23.37,BTC,SBTrading,Binance - BINANCE_SB,https://live.blockcypher.com/btc/tx/c24f2814d4fac7918ae916cc1bce163e852fae882606c672f548bfa00e0e8bdb/,,,,
SG,LES,Deposit(Internal),LES_2025P02A,2025-06-27,2025-09-26,2025-06-27,28.32,BTC,SBTrading,Binance - BINANCE_SB,https://live.blockcypher.com/btc/tx/0663293d499d76c15c0cd49f927d02487513a8fce2ba2190a915b5fd6fb6870a/,,,,
SG,LES,Deposit(Internal),LES_2025P02A,2025-06-27,2025-09-26,2025-06-27,28.32,BTC,SBTrading,Binance - BINANCE_SB,https://live.blockcypher.com/btc/tx/28f6db65920814a6cdcd922028fc5a27d3dfb1bae56fb0cb1e57bcaaa71b2c69/,,,,
SG,LES,Deposit(Internal),LES_2025P03A,2025-08-22,2025-09-26,2025-08-22,48.36,BTC,LES_2025E02A_BTC,LES_2025P03A,롤오버,,,,
SG,LES,,LES_2025P04A,2025-09-26,2025-12-26,중복,  93.00 ,BTC,LES_2025P02A,LES_2025P04A,롤오버,,,,
SG,NEO,Deposit(External),NEO_2025E01A_USDC,2025-05-12,2025-08-12,2025-05-13 23:21,"327,078.08",USDC,NEO_개인(fake),WaveSG,https://web3.okx.com/explorer/ethereum/tx/0x707cfa2e51f7c87d219658eb7396d2390ca0bb1e85835f8817d5b5919447b251,가입(Client->WaveSG),2025-05-12,,
SG,NEO,Deposit(Internal),NEO_2025E01A_USDC,2025-05-12,2025-08-12,2025-05-13 23:21,"327,078.08",USDC,WaveSG,SBTrading(SB),0x451ea9daad5a1b649e4df78e349fcef05fdb4c27bd88f8b37c6f94a739a551da,가입(WaveSG->SB),2025-05-12,,
SG,NEO,Deposit(Internal),NEO_2025E01A_USDC,2025-05-12,2025-08-12,2025-05-14 12:09,"327,078.08",USDC,SBTrading(SB),Wallet - eth_gryps1(metamask),https://etherscan.io/tx/0x42eff084128f7e926afafc32404af890dc0c794423e7f44c9b0d880415fc56c4,가입(SB->운영 계좌),2025-05-12,,
SG,NEO,Withdrawal(External),NEO_2025E01A_USDC,2025-05-12,2025-08-12,2025-08-14 0:00,"330,401.59",USDC,CSP Settle_SG(FB),NEO_개인,https://etherscan.io/tx/0x9a73ca13aac6e756a92d906950c25c35e8b2365a23bfa090e0d16588456a480b,SG -> 개인,,,
SG,NEO,Withdrawal(External),NEO_2025E01A_USDC,2025-05-12,2025-08-12,2025-08-14 0:00,10.00,USDC,CSP Settle_SG(FB),NEO_개인,https://etherscan.io/tx/0x6886ebc041b34a09663fdd2d1532f8b49b7fbfd830731c343dc72208cc34f632,SG -> 개인,,,
SG,NEO,Deposit(External),NEO_2025E02A_USDT,2025-05-12,2025-08-12,2025-05-13 23:21,"777,900.95",USDT,NEO_개인(fake),WaveSG,https://web3.okx.com/explorer/ethereum/tx/0x4889739c68ba9292af114ca54043d633fc63e65a6593e7a09ba1784ab6b07081,가입(Client->WaveSG),2025-05-12,"913,398.36",
SG,NEO,Deposit(Internal),NEO_2025E02A_USDT,2025-05-12,2025-08-12,2025-05-14 12:04,"777,900.95",USDT,WaveSG,SBTrading(SB),0x68d23d76d2b84b756b684aa28a16fc89a5f2b8b47edf6003625518b8b48a4a12,가입(WaveSG->SB),2025-05-12,"30,000.00","883,398.36"
SG,NEO,Withdrawal(External),NEO_2025E02A_USDT,2025-05-12,2025-08-12,2025-08-14 0:00,"785,729.15",USDT,CSP Settle_SG(FB),NEO_개인,https://etherscan.io/tx/0x1a2a8a6c7b288d8ed3ec74c0252762871656f15eb2f87b9fd7f79a1eaecce854,,,"883,398.36","883,383.36"
,NEO,Withdrawal(External),NEO_2025E02A_USDT,2025-05-12,2025-08-12,2025-08-14 0:00,10.00,USDT,CSP Settle_SG(FB),NEO_개인,https://etherscan.io/tx/0x6cab349491deef85d8109c700929444a60dc74a9fc99784591f621e7cbe98b7d,,,,
SG,PSH,Deposit(External),PSH_2025E08A_SOL,2025-06-04,2025-07-31,2025-06-30,35.51,SOL,PSH_개인,WaveSG,https://web3.okx.com/explorer/solana/tx/26jH9cUXYZsmqAMHrrHGo4BFuoY21FzFN1TkY1GoGcTzsJ21EqV16czfYyr8973G1YX61UsYmy8HgDW2nvWzMj3W,-,,,
SG,PSH,Deposit(Internal),PSH_2025E08A_SOL,2025-06-04,2025-07-31,2025-06-30,35.51,SOL,WaveSG,SBTrading(Binance),https://solscan.io/tx/5K6cevqb8vXbGChwEGTbn1VVcAgp98mddize7pkZV4GphnvUXUtMymFRrFEB7h8CgbuHs8iPK219a4YQ6bTJjtm6,-,,,
SG,PSH,Deposit(External),PSH_2025E09A_USDT,2025-06-04,2025-07-25,2025-05-14 14:04,9,USDT,PSH_개인,WaveSG,https://tronscan.org/#/transaction/bf6265fb59f113281c33dd73b8e5eccefc289ee4d83a7cb5f205c061352b2ec4,페니테스트,45812,,#REF!
SG,PSH,Deposit(External),PSH_2025E09A_USDT,2025-06-04,2025-07-25,2025-05-14 14:07,"29,991.00",USDT,PSH_개인,WaveSG,https://tronscan.org/#/transaction/7218c00af31cd6370c551bd3138f0af20be27de5acce12327a62f7526bcdcf68,-,45812,,
SG,PSH,Deposit(Internal),PSH_2025E09A_USDT,2025-06-04,2025-07-25,2025-05-14 14:16,"30,000.00",USDT,WaveSG,SBTrading,https://tronscan.org/#/transaction/ab11817084e943d6be409b891803d3a92753484c105ca972743edd3046a4f1ea,-,45812,,
SG,PSH,Deposit(External),PSH_2025E09A_USDT,2025-06-04,2025-07-25,2025-06-30,"883,398.36",USDT,PSH_개인,WaveSG,https://etherscan.io/tx/0xeb9f8e04019f850b766e66292640896fbf13132e96f1e0c65bec5a6537b022cd,"총 913,398.36 USDT 딜 / 3만불 트잭 존재",2025. 6. 4,,
SG,PSH,Deposit(Internal),PSH_2025E09A_USDT,2025-06-04,2025-07-25,2025-06-30,"883,398.36",USDT,WaveSG,SBTrading(Binance),https://etherscan.io/tx/0xc785ba3655b6c418099006d4ae90fcd3f38da382922cd6880fff6647ac7f8c15,PSH_2025E10A_USDT로 롤오버,,,
SG,PSH,Withdrawal(External),PSH_2025E09A_USDT,2025-06-04,2025-07-25,,"60,000.00",USDT,SBTrading,WaveSG,https://tronscan.org/#/transaction/4fa06ae612aaf1f72e734c4128063ae0bef6b8b2ee5a3f5012f256c898f4cc46,,,,
SG,PSH,Withdrawal(External),PSH_2025E09A_USDT,2025-06-04,2025-07-25,2025-07-25 0:00,10.00,USDT,WaveSG,PSH_개인,https://tronscan.org/#/transaction/5208cf94816af9d7da7de0b53913416172436a3058989cbf86a1928bf9a96ad6,SB -> SG -> PSH 중도상환 트랜잭션 (2set 트잭 재처리 필요),,,
SG,PSH,Withdrawal(External),PSH_2025E09A_USDT,2025-06-04,2025-07-25,2025-07-25 0:00,"59,990.00",USDT,WaveSG,PSH_개인,https://tronscan.org/#/transaction/e4843d305b38fcdc8cb870fd7335f5288068a69d38b07ec1e0a9e75f27f460b0,SB -> SG 상환 내역이 없어서 SG -> PSH 상환 회계처리 불가,,,
SG,PSH,Withdrawal(Internal),PSH_2025E10A_USDT,2025-07-25,2025-09-05,2025-09-30,"869,227.04",USDT,SBTrading(SB),WaveSG,https://etherscan.io/tx/0xfd82f55c75fe026cca86dc7846010450062024649c7e3f78d169c1f8bf15e925,,,,
SG,PSH,Withdrawal(External),PSH_2025E10A_USDT,2025-07-25,2025-09-05,2025-09-30,"869,227.04",USDT,WaveSG,PSH_개인,https://etherscan.io/tx/0xcf6a8d63cef66cc549afae95b27343b5f2de8d22fcc9d83b2450db9ae77f4bb3,,,,
HK,PSH,,PSH_2025E11A_SOL,2025-07-31,2025-09-05,,36.14,SOL,SBTrading(SB),Wave_HK,,25/09/05 만기 상환 트잭 필요,,,
HK,PSH,,PSH_2025E11A_SOL,2025-07-31,2025-09-05,,36.14,SOL,Wave HK,PSH_개인,,25/09/05 만기 상환 트잭 필요,,,
HK,PSH,Deposit(External),PSH_2025E11A_SOL,2025-07-31,2025-09-05,2025-07-31 0:00,35.84,SOL,PSH_개인(fake),WaveHK,,,,,
HK,PSH,Deposit(Internal),PSH_2025E11A_SOL,2025-07-31,2025-09-05,2025-07-31 0:00,35.84,SOL,WaveHK,SBTrading,,,,,
HK,PSH,Deposit(Internal),PSH_2025E11A_SOL,2025-07-31,2025-09-05,2025-07-31 0:00,35.84,SOL,SBTrading,Binance - BINANCE_SB,,,,,
HK,YWS,Deposit(External),YWS_2025P01A,2025-06-27,2025-09-26,,24.10,ETH,YWS_개인(fake),WaveHK,,,,,
HK,YWS,Deposit(Internal),YWS_2025P01A,2025-06-27,2025-09-26,,24.10,ETH,WaveHK,SBTrading,,,,,
HK,YWS,Deposit(Internal),YWS_2025P01A,2025-06-27,2025-09-26,,24.10,ETH,SBTrading,Binance - BINANCE_SB,,,,,
HK,YWS,Withdrawal(External),YWS_2025P01A,2025-06-27,2025-09-26,,0.10,ETH,MPC_Settle_HK,MPC_YWS_ETH1,https://etherscan.io/tx/0xd4f0dbcea29925f80706ee00d4fb88451b756e5314f41c8165c9716df0b78888,,,,
HK,YWS,Withdrawal(External),YWS_2025P01A,2025-06-27,2025-09-26,,0.10,ETH,MPC_Settle_HK,MPC_YWS_ETH2,https://etherscan.io/tx/0x2395a300e2ceac230e8260eb2b506a03c94178b789ec65465a6cd1aa49708cf4,,,,
SG,LCH,Withdrawal(External),LCH_2025E07A_USDT,2025-12-04,2026-03-04,,"699,990",USDT,SBTrading(SB),WaveSG,https://etherscan.io/tx/0x563b7690767df120d3a32e4c77d3acc301d9259797aacc33e8cdcf4aa6fbb99b,,,,
SG,LCH,Withdrawal(External),LCH_2025E07A_USDT,2025-12-04,2026-03-04,,"300,000",USDT,SBTrading(SB),WaveSG,https://etherscan.io/tx/0x0417893f89cf7587dd7e34d2500f80535f59678e2e06dabdd36f77693ef84e6e,,,,
SG,LCH,Withdrawal(External),LCH_2025E07A_USDT,2025-12-04,2026-03-04,2025-12-31,"1,000,000",USDT,SBTrading(SB),WaveSG,https://etherscan.io/tx/0xd17fcce5d531b52066d274daf1333eed4b66f656377a657bc16f8e72ac17d6fe,,,,
HK,YWS,Withdrawal(External),YWS_2025P01A,2025-06-27,2025-09-26,,12.29,ETH,MPC_Settle_HK,MPC_YWS_ETH1,https://etherscan.io/tx/0x23c9be51c594d49776cafa36baa8ec6a91ef810969e52cc3e66885c53768aab8,,,,
HK,YWS,Withdrawal(External),YWS_2025P01A,2025-06-27,2025-09-26,,12.29,ETH,MPC_Settle_HK,MPC_YWS_ETH2,https://etherscan.io/tx/0x78c82d9c6f6466e6dd016d103e88660c039ae6646c6d32e042c158f9841b136a,,,,
HK,YWS,Deposit(External),YWS_2025P02A,2025-06-27,2025-09-26,,1.51,BTC,YWS_개인(fake),WaveHK,,,,,
HK,YWS,Deposit(Internal),YWS_2025P02A,2025-06-27,2025-09-26,,1.51,BTC,WaveHK,SBTrading,,,,,
HK,YWS,Deposit(Internal),YWS_2025P02A,2025-06-27,2025-09-26,,1.51,BTC,SBTrading,Binance - BINANCE_SB,,,,,
SG,PSJ,Deposit(External),PSJ_2025E01A_USDT,2025-06-04,2025-07-31,2025-06-30,"19,528.93",USDT,PSJ_개인,WaveSG,https://etherscan.io/tx/0x1dfc507bf33967d0bcad060d8c7d926f3979ecd2ce4420d419c7c742ff76253d,-,2025. 6. 4,,
SG,PSJ,Deposit(Internal),PSJ_2025E01A_USDT,2025-06-04,2025-07-31,2025-06-30,"19,528.93",USDT,WaveSG,SBTrading(Binance),https://etherscan.io/tx/0xae10ec650d2b40c518aac7b5d685d7316208021aef538e58b86d75e6aafafc97,-,,,
HK,WKS,Deposit(External),WKS_2025P01A,2025-06-27,2025-09-26,2025-06-27,44.86,BTC,WKS_개인(fake),WaveHK,,,,,
HK,WKS,Deposit(Internal),WKS_2025P01A,2025-06-27,2025-09-26,2025-06-27,44.86,BTC,WaveHK,SBTrading,,,,,
HK,WKS,Deposit(Internal),WKS_2025P01A,2025-06-27,2025-09-26,2025-06-27,44.86,BTC,SBTrading,Binance - BINANCE_SB,,,,,
HK,YJS,Deposit(External),YJS_2025E03A_USDT,2025-07-01,2025-07-31,,9.00,USDT,YJS_개인,WaveHK,https://tronscan.org/#/transaction/45ad4442d9f52b1cef0ef5ed8f312711dbdc0abf204266673ee3cc5010b14227,-,,,
HK,YJS,Deposit(External),YJS_2025E03A_USDT,2025-07-01,2025-07-31,,"14,473.27",USDT,YJS_개인,WaveHK,https://tronscan.org/#/transaction/9b0bf793ce8ef70e1b70163f468c220e3d1bc05b4907cf1f4ffd47577cc0c81a,-,,,
HK,YJS,Deposit(Internal),YJS_2025E03A_USDT,2025-07-01,2025-07-31,,"14,482.27",USDT,WaveHK,SBTrading,https://tronscan.org/#/transaction/3447638bf558bc0d37f794e80d7c6fd778acd7a1079e6ef1ef8c3e59676b941e,YJS_2025E04A_USDT로 롤오버,,,
HK,KWK,Deposit(External),KWK_2025P02A,2025-07-11,2025-09-26,2025-07-11,42.89,BTC,KWK_개인(fake),WaveHK,,,,,
HK,KWK,Deposit(Internal),KWK_2025P02A,2025-07-11,2025-09-26,2025-07-11,42.89,BTC,WaveHK,SBTrading,,,,,
HK,KWK,Deposit(Internal),KWK_2025P02A,2025-07-11,2025-09-26,2025-07-11,42.89,BTC,SBTrading,Binance - BINANCE_SB,,,,,
HK,KWK,Deposit(External),KWK_2025P03A,2025-07-11,2025-09-26,2025-07-11,604.95,ETH,KWK_개인(fake),WaveHK,,,,,
HK,KWK,Deposit(Internal),KWK_2025P03A,2025-07-11,2025-09-26,2025-07-11,604.95,ETH,WaveHK,SBTrading,,,,,
HK,KWK,Deposit(Internal),KWK_2025P03A,2025-07-11,2025-09-26,2025-07-11,604.95,ETH,SBTrading,Binance - BINANCE_SB,,,,,
HK,MSA,Deposit(External),MSA_2025P01A,2025-07-15,2025-09-26,2025-07-15,"9,999.00",USDT,MSA_개인,WaveHK,https://tronscan.org/#/transaction/635a7c9a5020a0d64e38b8ceb70160886aff091f2052eb7af9e207fddadda117,-,,,
HK,MSA,Deposit(Internal),MSA_2025P01A,2025-07-15,2025-09-26,2025-07-15,"9,999.00",USDT,WaveHK,SBTrading,https://tronscan.org/#/transaction/1ddeb0662e8cfc2f82eaf30ba2eeef88440332653a59c8729c91d2a5002ce219,-,,,
HK,MSA,Deposit(Internal),MSA_2025P01A,2025-07-15,2025-09-26,2025-07-15,"9,999.00",USDT,SBTrading,Binance - BINANCE_SB,https://tronscan.org/#/transaction/6933a94d9fb86983b2098654847cc48c951fd6ca2c29f9608c4420e37929ba95,-,,,
HK,EYK,Deposit(External),EYK_2025E03A_USDT,2025-07-31,2025-09-05,,"100,728.01",USDT,EYK_개인(fake),WaveHK,,,,,
HK,EYK,Deposit(Internal),EYK_2025E03A_USDT,2025-07-31,2025-09-05,,"100,728.01",USDT,WaveHK,SBTrading,,,,,
HK,EYK,Deposit(Internal),EYK_2025E03A_USDT,2025-07-31,2025-09-05,,"100,728.01",USDT,SBTrading,Binance - BINANCE_SB,,,,,
HK,PSJ,Deposit(External),PSJ_2025E04A_SOL,2025-07-31,2025-09-05,2025-07-31,22.59,SOL,PSJ_개인(fake),WaveHK,,,,,
HK,PSJ,Deposit(Internal),PSJ_2025E04A_SOL,2025-07-31,2025-09-05,2025-07-31,22.59,SOL,WaveHK,SBTrading,,,,,
HK,PSJ,Deposit(Internal),PSJ_2025E04A_SOL,2025-07-31,2025-09-05,2025-07-31,22.59,SOL,SBTrading,Binance - BINANCE_SB,,,,,
HK,PSJ,Deposit(External),PSJ_2025E03A_USDT,2025-07-31,2025-09-05,2025-07-31,"19,708.70",USDT,PSJ_개인(fake),WaveHK,,,,,
HK,PSJ,Deposit(Internal),PSJ_2025E03A_USDT,2025-07-31,2025-09-05,2025-07-31,"19,708.70",USDT,WaveHK,SBTrading,,,,,
HK,PSJ,Deposit(Internal),PSJ_2025E03A_USDT,2025-07-31,2025-09-05,2025-07-31,"19,708.70",USDT,SBTrading,Binance - BINANCE_SB,,,,,
HK,YJS,Deposit(External),추가입금,,,,"34,594.57",USDT,YJS_개인,WaveHK,,,,,
HK,YJS,Deposit(Internal),추가입금,,,,"34,594.57",USDT,WaveHK,SBTrading,,,,,
HK,YJS,Deposit(External),YJS_2025E04A_USDT,2025-07-31,2025-09-05,,"49,148.26",USDT,YJS_2025E03A_USDT,YJS_2025E04A_USDT,롤오버,,,,
HK,GJH,Deposit(External),GJH_2025E01A_USDT,2025-07-31,2025-09-05,2025-07-31,"51,508.22",USDT,GJH_개인(fake),WaveHK,,,,,
HK,GJH,Deposit(Internal),GJH_2025E01A_USDT,2025-07-31,2025-09-05,2025-07-31,"51,508.22",USDT,WaveHK,SBTrading,,,,,
HK,GJH,Deposit(Internal),GJH_2025E01A_USDT,2025-07-31,2025-09-05,2025-07-31,"51,508.22",USDT,SBTrading,Binance - BINANCE_SB,,,,,
HK,HVF II,Deposit(Internal),HVF2_2025O01A,2025-08-13,2025-08-14,2025-08-13,2.00,IP,HVF,??,0x660c881d733a053d69a73ea89d2a944c2b3122b581c5bc1939465f2308e4b688,,,,
HK,HVF II,Deposit(Internal),HVF2_2025O01A,2025-08-13,2025-08-14,2025-08-13,"160,160.00",IP,HVF,??,0x36ca462db97a61f990094ce9574629a118519ef6bb12bb01da79ec9168f65c6f,,,,
HK,HVF III,Deposit(Internal),HVF3_2025O01A,2025-08-13,2025-08-18,2025-08-13,2.00,IP,HVF,??,0xb931445b79b1ea96e667e02849aca1704258538045d67f197a50c6d197836209,,,,
HK,HVF III,Deposit(Internal),HVF3_2025O01A,2025-08-13,2025-08-18,2025-08-13,"18,235.00",IP,HVF,??,0xac473fe8955a49010575c4c842f6f1daef8692b5027df9fc28b2169910f618fb,,,,
SG,PSJ,Withdrawal(Internal),PSJ_2025E01A_USDT,2025-06-04,2025-07-31,,179.77,USDT,SBTrading(SB),CSP Settle_SG,https://etherscan.io/tx/0xa6523fa7e40c422a8b0296c07a7cfcb3b1bf682915df449ad36a5ccd03eb8411,,,,
SG,PSJ,Withdrawal(Internal),PSJ_2025E01A_USDT,2025-06-04,2025-07-31,,"19,528.93",USDT,SBTrading(SB),CSP Settle_SG,https://etherscan.io/tx/0x4088f0a291a845b48b4238527f252afa548973e34f2ca32f161972413828d8b2,,,,
SG,PSJ,Withdrawal(External),PSJ_2025E01A_USDT,2025-06-04,2025-07-31,,"19,708.70",USDT,CSP Settle_SG,PSJ_개인(fake),https://etherscan.io/tx/0xfc0e294b82f331d3d097c66ddbfb8337212d8bcd3be724bacb27158a81afad8a,,,,
SG,PSJ,Deposit(External),PSJ_2025E02A_SOL,2025-06-04,2025-07-31,2025-06-30,22.38,SOL,PSJ_개인,WaveSG,https://web3.okx.com/explorer/solana/tx/347wwsuhB5HPwDYhGyFFuXPXHV4aqwBqFn1dnCzyEWriDLNHigY1UGsdPvMb2CaA54zmCY4RzCjSi7iaJXHYSXgi,-,,,
HK,PSH,Deposit(External),PSH_2025E12A_USDC,2025-08-28,2025-09-05,2025-08-28,10.00,USDC,PSH_개인,PSH_MPC,https://etherscan.io/tx/0xd58ed32b118b80b5bc3d704a78be1a3ee4986c4a784d59239782fc8d26542624,,,,
HK,PSH,Deposit(External),PSH_2025E12A_USDC,2025-08-28,2025-09-05,2025-08-28,"103,990.00",USDC,PSH_개인,PSH_MPC,https://etherscan.io/tx/0x55ac4ece62eae18db914bfe650b6adc18995284122531859238ffbdfb750d886,,,,
HK,PSH,Deposit(Internal),PSH_2025E12A_USDC,2025-08-28,2025-09-05,2025-08-28,"104,000.00",USDC,PSH_MPC,EVM Wallet?,https://etherscan.io/tx/0x9d2ac152b8009da3dd1d0eaaa593dd167ea88f6f767c6865e7af097d0f29814b,,,,
HK,HVF II,Withdrawal(External),HVF2_2025O01A,2025-08-13,2025-08-14,2025-08-21,10.00,USDT,MPC_HVF2,고객_HVF2,https://etherscan.io/tx/0x5fff109fef829639a333a204d992acd237559d059128207d37d6772477ad4839,,,,
HK,HVF II,Withdrawal(External),HVF2_2025O01A,2025-08-13,2025-08-14,2025-08-21,"909,413.22",USDT,MPC_HVF2,고객_HVF2,https://etherscan.io/tx/0x0c2a25910fabd68b2848715bd660dd2f686be1171f896e52337aa45911e26084,,,,
HK,HVF III,Withdrawal(External),HVF3_2025O01A,2025-08-13,2025-08-18,2025-08-21,10.00,USDT,MPC_HVF3,고객_HVF3,https://etherscan.io/tx/0x474c1072447cb3788cc4d43d6c7de151c44446426802500f505568d806e0083d,,,,
HK,HVF III,Withdrawal(External),HVF3_2025O01A,2025-08-13,2025-08-18,2025-08-21,"105,984.71",USDT,MPC_HVF3,고객_HVF3,https://etherscan.io/tx/0x105ff3532596716d80b06b0f64de25288bc2b3b28064fb10f06c62a1463f5f6c,,,,
SG,PSJ,Deposit(Internal),PSJ_2025E02A_SOL,2025-06-04,2025-07-31,2025-06-30,22.38,SOL,WaveSG,SBTrading(Binance),https://web3.okx.com/explorer/solana/tx/3JYt5LrnevJRFCwE5wEJvgbSi4pRSmwFz7vkYxZw3MjiDkN5z2SgKPvGAezW4dsZFremdFCjJZGGhBhpNoLTzzW6,-,,,
SG,PSJ,Withdrawal(Internal),PSJ_2025E02A_SOL,2025-06-04,2025-07-31,2025-09-30,22.59,SOL,SBTrading(SB),CSP Settle_SG,https://solscan.io/tx/QXdiu8h1DHPggtQHkTxB6zq4GqW6BikTFThwbrbP4EZunk8aGu5uHU2aQbFwUeHtRogrJ45s38PuAiyyiaSZ1t7,,,,
SG,PSJ,Withdrawal(External),PSJ_2025E02A_SOL,2025-06-04,2025-07-31,2025-09-30,22.59,SOL,CSP Settle_SG,PSJ_개인(fake),https://solscan.io/tx/Aeb5QpwbqRP9oKRMtyeKYR5ZmfGsMaTMLeU95rfA27PaccNS2K2yRwsqpqUnAqixGgwU6x7g5jGFWfesKhirSDM,,,,
SG,VFG,Deposit(External),VFG_2025P01A,2025-05-21,2025-05-30,2025-05-19 13:24,"50,000.00",USDT,VFG,WaveSG,https://etherscan.io/tx/0xfdf960ff0189ee706eed1a3c6e471c5466c36983a811cda98bed4b7946a8235f,Client -> WaveSG Deposit-본,2025. 5. 19,,
SG,VFG,Deposit(Internal),VFG_2025P01A,2025-05-21,2025-05-30,2025-05-21 12:16,"50,000.00",USDT,WaveSG,SBTrading,https://etherscan.io/tx/0xb9c08c45b429bb752796f6590d66412f26b1374c365ae67d65703ef24641e3ba,가입(WaveSG->SB),2025. 5. 21,,
SG,VFG,Withdrawal(External),VFG_2025P01A,2025-05-21,2025-05-30,2025-06-02 10:29,10.00,USDT,WaveSG,VFG,https://etherscan.io/tx/0x0e3328457a4d5dd501a99830d8bf06fd4730ce2b215a5e82560b20f35e3cad8d,SB -> Client,2025. 6.02,,
SG,NEO,Withdrawal(Internal),NEO_2025E01A_USDC,2025-05-12,2025-08-12,2025-08-14,"330,411.59",USDC,SBTrading(SB),CSP Settle_SG(FB),https://etherscan.io/tx/0x7e6f037a2ed21b561f11bd568627f7c4c9668015646d4a1a86906ccb26065883,,,,
SG,NEO,Withdrawal(External),NEO_2025E01A_USDC,2025-05-12,2025-08-12,2025-08-14,10.00,USDC,CSP Settle_SG(FB),NEO_개인,https://etherscan.io/tx/0x6886ebc041b34a09663fdd2d1532f8b49b7fbfd830731c343dc72208cc34f632,,,,
SG,VFG,Withdrawal(External),VFG_2025P01A,2025-05-21,2025-05-30,2025-06-02 10:32,"49,990.00",USDT,WaveSG,VFG,https://etherscan.io/search?q=0x5885a4ff5741f292965accf762fd72fa8d3ada9e8958970a99951db0a4c70e82,SB -> Client,2025. 6.02,,
OJW,CRIT,Deposit(External),CRIT_2025O16A,2025-09-29,2025-10-13,2025-09-29 0:00,10.00,XPLA,CRIT_개인,WSP,https://explorer.xpla.io/mainnet/tx/282D929EE0D474F974814449CBAA784D91615192BB32345BCCBC6887729119ED,,,,
OJW,CRIT,Deposit(External),CRIT_2025O16A,2025-09-29,2025-10-13,2025-09-29 0:00,"1,899,990.00",XPLA,CRIT_개인,WSP,https://explorer.xpla.io/mainnet/tx/ACF93EBFA66B1E68B8CBF095D8E5C2DD15F8F6EB60E5C0BD5D7A8200206321A3,,,,
OJW,CRIT,Deposit(External),CRIT_2025O15A,2025-09-18,2025-09-23,2025-09-19 0:00,10.00,XPLA,CRIT_개인,WSP,https://explorer.xpla.io/mainnet/tx/18C1BEA37204052FAEE31FA992096932AD745CAE6AE4AD07E6EE2EABEF4612FD,,,,
SG,NEO,Withdrawal(Internal),NEO_2025E02A_USDT,2025-05-12,2025-08-12,2025-08-14,"785,829.15",USDT,SBTrading(SB),CSP Settle_SG(FB),https://etherscan.io/tx/0x348748a9644b6f11102d07f144a2d347e231d0d5bf5ee1cc06e8ef48c8552cb7,,,,
OJW,CRIT,Deposit(External),CRIT_2025O15A,2025-09-18,2025-09-23,2025-09-19 0:00,"1,899,990.00",XPLA,CRIT_개인,WSP,https://explorer.xpla.io/mainnet/tx/851236376B5C2B3EC5A12B5F9A3A4AAA5FB65241E2E97F48FC39110CB79EBA18,,,,
HK,HSD,Deposit(External),HSD_2025O01A,2025-08-29,2025-09-02,,10.00,ZK,고객_HSD,WSP_OTC,https://era.zksync.network/tx/0x576cadfdd9b4da65bf4e203f99df34fdad47110cfe135226a9bf1bd250bd679b,,,,
HK,HSD,Deposit(External),HSD_2025O01A,2025-08-29,2025-09-02,,"11,206,792.89",ZK,고객_HSD,WSP_OTC,https://era.zksync.network/tx/0x508739de4c1486c2af72397b4031309028ee0b2e4fee5a2f11c00ba5e54feceb,,,,
HK,HSD,Withdrawal(Internal),HSD_2025O01A,2025-08-29,2025-09-02,,15.00,USDT,거래소,MPC_HSD,https://etherscan.io/tx/0xde2f5161be29d7dc631078345edc72ef2b63e171082a80229566024dffa0462c,,,,
HK,HSD,Withdrawal(Internal),HSD_2025O01A,2025-08-29,2025-09-02,,"658,103.38",USDT,거래소,MPC_HSD,https://etherscan.io/tx/0xae7c40b61b65504051b9bca6e0af439de0a517e256518f03f9c6055948f65210,,,,
HK,HSD,Withdrawal(External),HSD_2025O01A,2025-08-29,2025-09-02,,10.00,USDT,MPC_HSD,고객_HSD,https://etherscan.io/tx/0x6ab27ea27c02d38ce1d36947fe885037cce45121bc291cf181f19ec3b52218b6,,,,
HK,HSD,Withdrawal(External),HSD_2025O01A,2025-08-29,2025-09-02,,"658,108.38",USDT,MPC_HSD,고객_HSD,https://etherscan.io/tx/0x5eb8c115050e870573d26a864458363a94ed1c3bad91c8d9b335d0402f377f65,,,,
HK,SWS,Deposit(External),SWS_2025P01A,2025-09-19,2025-09-26,,0.00,BTC,고객_SWS,MPC_SWS_BTC,https://live.blockcypher.com/btc/tx/c48e259ea278c1017f6bf402879f1eff8d1c1ac451f01ea50c74bf8cf5512a42/,,,,
HK,SWS,Deposit(External),SWS_2025P01A,2025-09-19,2025-09-26,,8.00,BTC,고객_SWS,MPC_SWS_BTC,https://live.blockcypher.com/btc/tx/d696baa3b9fbb8401b14444fb23941a949498b32473978b1bd94509957790cd5/,,,,
HK,SWS,Deposit(Internal),SWS_2025P01A,2025-09-19,2025-09-26,,0.00,BTC,MPC_SWS,거래소,https://live.blockcypher.com/btc/tx/bc1ed5de2e4f19774af38aa9427d9c0fc4fecc4ccfedce7572960f3bd358f712/,,,,
HK,SWS,Deposit(Internal),SWS_2025P01A,2025-09-19,2025-09-26,,8.00,BTC,MPC_SWS,거래소,https://live.blockcypher.com/btc/tx/b4e9f792c69711841cb3e9d146d272290cd45388637dac89c6dbd4f7ea1078c8/,,,,
HK,SWS,Deposit(External),SWS_2025P02A,2025-09-19,2025-09-26,,1.00,ETH,고객_SWS,MPC_SWS_ETH1,https://etherscan.io/tx/0xaa1435a53be19e37227b85373f74c6cddb31e52c93071c8b9ff235a81f3a02e3,,,,
HK,SWS,Deposit(External),SWS_2025P02A,2025-09-19,2025-09-26,,99.00,ETH,고객_SWS,MPC_SWS_ETH1,https://etherscan.io/tx/0x8bc9df5ba697cf64eb2e01eb7a7251577fe23ae124cdb279cddde8f8d0d1ec61,,,,
HK,SWS,Deposit(Internal),SWS_2025P02A,2025-09-19,2025-09-26,,0.01,ETH,MPC_SWS_ETH1,거래소,https://etherscan.io/tx/0xa65d4837767e00aefdd78582714cea34f77fd4ed99f11a38c962da9269f56dd9,,,,
HK,SWS,Deposit(Internal),SWS_2025P02A,2025-09-19,2025-09-26,,99.99,ETH,MPC_SWS_ETH1,거래소,https://etherscan.io/tx/0x4b6c248ac194025e1adf72f86252052b9a4e87bb4bf46973e99fc6c1c64ec940,,,,
HK,SWS,Deposit(External),SWS_2025P03A,2025-09-19,2025-09-26,,1.00,ETH,고객_SWS,MPC_SWS_ETH2,https://etherscan.io/tx/0xd93097634f643ab7850392ad122c16e1724f9e9eb59cadd3d994881e1c747a33,,,,
HK,SWS,Deposit(External),SWS_2025P03A,2025-09-19,2025-09-26,,69.00,ETH,고객_SWS,MPC_SWS_ETH2,https://etherscan.io/tx/0xe1d04d059fe4d2bada8464fee81762182a5e02a68f1cac0ef603489074c7466e,,,,
HK,SWS,Deposit(Internal),SWS_2025P03A,2025-09-19,2025-09-26,,70.00,ETH,MPC_SWS_ETH2,거래소,https://etherscan.io/tx/0x72c29bea03b781c7793ec584cf22f74981c1b47807d1ae78afb53a545e1d8c77,,,,
HK,SWS,Deposit(External),SWS_2025P03A,2025-09-19,2025-09-26,,1.50,ETH,고객_SWS,MPC_SWS_ETH3,https://etherscan.io/tx/0x0dd06b7b9d9570bdaaa05ea0730f4b0177af44e51953f9bdfa82a90af82783fa,,,,
SG,PSH,Deposit(Internal),PSH_2025E10A_USDT,2025-07-25,2025-09-05,2025-09-30,"869,227.04",USDT,PSH_2025E09A_USDT,PSH_2025E10A_USDT,롤오버,,,,
HK,SWS,Deposit(External),SWS_2025P03A,2025-09-19,2025-09-26,,30.00,ETH,고객_SWS,MPC_SWS_ETH3,https://etherscan.io/tx/0x5f829a3c8f6a7663ac3838332432797e23b25cca83695a949aaa4aeda441b1a0,,,,
HK,SWS,Deposit(Internal),SWS_2025P03A,2025-09-19,2025-09-26,,31.50,ETH,MPC_SWS_ETH3,거래소,https://etherscan.io/tx/0x8d032ff6d323b4c51211e76a3f48d68b2584d5521f7f8f7cfee30a71116c719c,,,,
HK,SWS,Deposit(Internal),SWS_2025P04,2025-09-26,2025-10-10,,8.00,BTC,SWS_2025P01A,SWS_2025P04A,롤오버,,,,
HK,SWS,Deposit(Internal),SWS_2025P05,2025-09-26,2025-10-10,,100.00,ETH,SWS_2025P02A,SWS_2025P05,롤오버,,,,
HK,SWS,Deposit(Internal),SWS_2025P06,2025-09-26,2025-10-10,,101.50,ETH,SWS_2025P03A,SWS_2025P06,롤오버,,,,
HK,SWS,Deposit(External),SWS_2025P06,2025-09-26,2025-10-10,,50.00,ETH,고객_SWS,MPC_SWS_ETH2,https://etherscan.io/tx/0x589f1c9a35ef1b5ce42678976c9ea1c52db081470287ff3a80f02bb4e7125110,추가 입금,,,
HK,SWS,Deposit(Internal),SWS_2025P07,2025-10-10,2025-10-17,,3.00,BTC,SWS_2025P04A,SWS_2025P07,롤오버,,,,
HK,SWS,Deposit(Internal),SWS_2025P08,2025-10-10,2025-10-17,,5.00,BTC,SWS_2025P04A,SWS_2025P08,롤오버,,,,
HK,SWS,Deposit(Internal),SWS_2025P09,2025-10-10,2025-10-17,,100.00,ETH,SWS_2025P05,SWS_2025P09,롤오버,,,,
HK,SWS,Deposit(Internal),SWS_2025P10,2025-10-10,2025-10-17,,151.50,ETH,SWS_2025P06,SWS_2025P10,롤오버,,,,
HK,PSH,,PSH_2025E11A_SOL,,,,  36.14 ,SOL,SB,HK,,,,,
HK,PSH,,PSH_2025E11A_SOL,,,,  36.14 ,SOL,HK,PSH,,,,,
HK,SWS,Deposit(Internal),SWS_2025P11,2025-10-17,2025-10-31,,3.00,BTC,SWS_2025P07,SWS_2025P11,롤오버,,,,
HK,SWS,Deposit(Internal),SWS_2025P12,2025-10-17,2025-10-31,,5.00,BTC,SWS_2025P08,SWS_2025P12,롤오버,,,,
HK,SWS,Deposit(Internal),SWS_2025P13,2025-10-17,2025-10-31,,100.00,ETH,SWS_2025P09,SWS_2025P13,롤오버,,,,
HK,SWS,Deposit(Internal),SWS_2025P14,2025-10-17,2025-10-31,,151.50,ETH,SWS_2025P10,SWS_2025P14,롤오버,,,,
HK,SWS,Deposit(Internal),SWS_2025P15,2025-10-31,2025-11-14,,3.00,BTC,SWS_2025P11,SWS_2025P15,롤오버,,,,
HK,SWS,Deposit(Internal),SWS_2025P16,2025-10-31,2025-11-14,,5.00,BTC,SWS_2025P12,SWS_2025P16,롤오버,,,,
HK,SWS,Deposit(Internal),SWS_2025P17,2025-10-31,2025-11-14,,100.00,ETH,SWS_2025P13,SWS_2025P17,롤오버,,,,
HK,SWS,Deposit(Internal),SWS_2025P18,2025-10-31,2025-11-14,,31.50,ETH,SWS_2025P14,SWS_2025P18,롤오버,,,,
HK,SWS,Deposit(Internal),SWS_2025P21,2025-11-14,2025-11-28,,5.00,BTC,SWS_2025P11,SWS_2025P21,롤오버,,,,
HK,SWS,Deposit(Internal),SWS_2025P22,2025-11-14,2025-11-28,,100.00,ETH,SWS_2025P13,SWS_2025P22,롤오버,,,,
HK,SWS,Deposit(Internal),SWS_2025P23,2025-11-14,2025-11-28,,151.50,ETH,SWS_2025P14,SWS_2025P23,롤오버,,,,
HK,SWS,Deposit(Internal),SWS_2025E01_BTC,2025-11-28,2025-12-28,,8.00,BTC,"SWS_2025P20, 21",SWS_2025E01_BTC,롤오버,,,,
SG,PSH,Withdrawal(External),PSH_2025E08A_SOL,2025-06-04,2025-07-31,,35.84,SOL,SBTrading(SB),CSP Settle_SG,https://solscan.io/tx/2zfVbSh5xaaHAB6BmKCevLeSeH7jNt5evHLVbp9yBCXY39UgRL5nCAWdCLzJCoWNsorWtJY7fNGqcqD8TJKMT21M,,,,
SG,PSH,Withdrawal(External),PSH_2025E08A_SOL,2025-06-04,2025-07-31,,35.84,SOL,CSP Settle_SG,PSH_개인(fake),https://solscan.io/tx/5c7bff24cGmtsMR2yznAbTDK6CvFPZoNZWQZ7ZDQZALqy7CEAttHt5CwroTuvsuRyrD4zMgDeCwfSvy93y6Ru5b7,,,,
HK,SWS,Deposit(Internal),SWS_2025E02_ETH,2025-11-28,2025-12-12,,251.50,ETH,"SWS_2025P22, 23",SWS_2025E02_ETH,롤오버,,,,
HK,SWS,Deposit(Internal),SWS_2025P24,2025-12-12,2025-12-19,,50.00,ETH,SWS_2025E02_ETH,SWS_2025P24,롤오버,,,,
HK,SWS,Deposit(Internal),SWS_2025P25,2025-12-12,2025-12-19,,201.50,ETH,SWS_2025E02_ETH,SWS_2025P25,롤오버,,,,
HK,SWS,Deposit(Internal),SWS_2025P26,2025-12-19,2025-12-26,,2.00,BTC,SWS_2025E01_BTC,SWS_2025P26,롤오버,,,,
HK,SWS,Deposit(Internal),SWS_2025P27,2025-12-19,2025-12-26,,2.00,BTC,SWS_2025E01_BTC,SWS_2025P27,롤오버,,,,
HK,SWS,Deposit(Internal),SWS_2025P28,2025-12-19,2025-12-26,,2.00,BTC,SWS_2025E01_BTC,SWS_2025P28,롤오버,,,,
HK,SWS,Deposit(Internal),SWS_2025P29,2025-12-19,2025-12-26,,2.00,BTC,SWS_2025E01_BTC,SWS_2025P29,롤오버,,,,
HK,SWS,Deposit(Internal),SWS_2025P30,2025-12-19,2025-12-26,,60.00,ETH,"SWS_2025P24, 25",SWS_2025P30,롤오버,,,,
HK,SWS,Deposit(Internal),SWS_2025P31,2025-12-19,2025-12-26,,60.00,ETH,"SWS_2025P24, 25",SWS_2025P31,롤오버,,,,
HK,SWS,Deposit(Internal),SWS_2025P32,2025-12-19,2025-12-26,,60.00,ETH,"SWS_2025P24, 25",SWS_2025P32,롤오버,,,,
HK,SWS,Deposit(Internal),SWS_2025P33,2025-12-19,2025-12-26,,71.50,ETH,"SWS_2025P24, 25",SWS_2025P33,롤오버,,,,
SG,YJS,Deposit(External),YJS_2025E01A_USDT,2025-05-19,2025-06-04,2025-05-19 3:20,9.00,USDT,YJS_개인,WaveSG,https://tronscan.org/#/transaction/93683ad272e7f2bece7bf879840de7cf25a298b4bd3f97a64cc494be8393447f,가입(Client->WaveSG),,,
SG,YJS,Deposit(External),YJS_2025E01A_USDT,2025-05-19,2025-06-04,2025-05-19 4:24,"34,213.76",USDT,YJS_개인,WaveSG,https://tronscan.org/#/transaction/875060325aaecb46039feaa246f355f7271a5542652f30855ddb7627beb54659,가입(Client->WaveSG),,,
HK,PRT,,PRT_2025ES01A,2025-08-18,2025-08-18,,"  1,695,199.60 ",USDC,,,,에스크로 계약,,,
HK,HM,Deposit(External),HM_2025P01A,2025-09-05,2025-09-26,,10,USDT,Client_HM,MPC_HM,https://etherscan.io/tx/0x9ddb28595661049aaa691055dc04cff641c429b21aca11eaf1da228b2c02c86a,,,,
HK,EYK,,EYK_2025E04A_USDT,2025-09-05,2025-12-30,,"  101,522.80 ",USDT,EYK_2025E03A_USDT,EYK_2025E04A_USDT,롤오버,,,,
HK,PSH,,PSH_2025E13A_USDT,2025-09-05,2025-10-02,,"  973,418.51 ",USDT,,,,,,,
HK,YJS,Deposit(Internal),YJS_2025E05A_USDT,2025-09-05,2025-12-30,,"  49,536.06 ",USDT,YJS_2025E04A_USDT,YJS_2025E05A_USDT,롤오버,,,,
HK,GJH,,GJH_2025P10A,2025-09-05,2025-09-26,,"51,990.84",USDT,GJH_2025E01A_USDT,GJH_2025P10A,롤오버,,,,
HK,PSH,,PSH_2025E14A_SOL,2025-09-05,2025-12-30,,  36.05 ,SOL,,,,,,,
HK,PSH,,PSH_2025P08A,2025-09-10,2025-09-26,,"  24,526.35 ",USDT,,,,,,,
HK,VCT,,VCT_2025P01A,2025-09-26,2025-10-17,,  0.91 ,BTC,,,,실제 거래 X,,,
HK,HM,Deposit(External),HM_2025P01A,2025-09-05,2025-09-26,,"  99,990 ",USDT,Client_HM,MPC_HM,https://etherscan.io/tx/0x12e3e74838f3afe28d919fac3cdaea73283a48f220502d2e355b740a710a6365,,,,
HK,HM,Deposit(Internal),HM_2025P01A,2025-09-05,2025-09-26,,"  100,000 ",USDT,MPC_HM,EVM Wallet,https://etherscan.io/tx/0x0273ace4da4af6ca95ca6aa788320a75c3fe0872ac2f8dc3b8b016857f32114d,,,,
HK,HM,Deposit(Internal),HM_2025E01A_USDT,2025-09-26,2025-11-26,,"  100,000 ",USDT,HM_2025P01A,HM_2025E01A_USDT,롤오버,,,,
HK,MSA,Deposit(Internal),MSA_2025P02A,2025-09-26,2025-11-28,,"9,999.00",USDT,MSA_2025P01A,MSA_2025P02A,롤오버,,,,
HK,PSH,,PSH_2025E16A_BTC,2025-09-26,2025-12-26,,  1.54 ,BTC,,,,,,,
HK,KWK,Deposit(Internal),KWK_2025P06A,2025-09-26,2025-12-26,,  612.49 ,ETH,KWK_2025P03A,KWK_2025P06A,롤오버,,,,
HK,KWK,Deposit(Internal),KWK_2025P05A,2025-09-26,2025-12-26,,  42.89 ,BTC,KWK_2025P02A,KWK_2025P05A,롤오버,,,,
HK,KWK,Deposit(External),KWK_2025P04A,2025-09-26,2025-12-26,,"  1,192,846.97 ",USDT,KWK_개인(fake),WaveHK,,,,,
HK,WHYD,Deposit(External),WHYD_2025E01A_BTC,2025-09-26,2025-12-26,,  0.1674 ,BTC,WHYD_개인,MPC_WHYD,,,,,
HK,WHYD,Deposit(Internal),WHYD_2025E01A_BTC,2025-09-26,2025-12-26,,  0.1674 ,BTC,MPC_WHYD,SB Trading,,,,,
HK,WHYD,Deposit(Internal),WHYD_2025E01A_BTC,2025-09-26,2025-12-26,,  0.1674 ,BTC,SB Trading,거래소,,,,,
HK,HWAN,Deposit(External),HWAN_2025E01A_BTC,2025-09-26,2025-12-26,,  0.5025 ,BTC,HWAN_개인,MPC_HWAN,,,,,
HK,HWAN,Deposit(Internal),HWAN_2025E01A_BTC,2025-09-26,2025-12-26,,  0.5025 ,BTC,MPC_HWAN,SB Trading,,,,,
HK,HWAN,Deposit(Internal),HWAN_2025E01A_BTC,2025-09-26,2025-12-26,,  0.5025 ,BTC,SB Trading,거래소,,,,,
HK,GJH,,GJH_2025E02A_BTC,2025-09-26,2025-12-26,,  6.05 ,BTC,GJH_2025P10A,GJH_2025E02A_BTC,롤오버,,,,
SG,YJS,Deposit(Internal),YJS_2025E01A_USDT,2025-05-19,2025-06-04,2025-05-19 6:38,"34,222.76",USDT,WaveSG,SBTrading,https://tronscan.org/#/transaction/9c42a0789d5e81b40859af90fdcd79f8963a5b71f27dcc16cdc282999ab50d67,YJS_2025E02A_USDT로 롤오버,,,
SG,YJS,Withdrawal(Internal),YJS_2025E02A_USDT,2025-06-04,2025-07-31,,"34,594.57",USDT,SBTrading(SB),CSP Settle_SG,https://etherscan.io/tx/0x1ed5eb4661783d59d334ee0406a83dae1b15e485e1bb43a369f556f9cc220511,,실제론 HK 법인으로 롤오버,,
HK,NOC,deposit(External),NOC_2025E01A_USDC,2025-09-26,2025-12-30,,100,USDC,Client_NOC,MPC_NOC,https://etherscan.io/tx/0x18bd0ebf151e414842da424619ad8f8f12342b3144372c3be0408643f196582c,,,,
HK,NOC,deposit(External),NOC_2025E01A_USDC,2025-09-26,2025-12-30,,99900.06,USDC,Client_NOC,MPC_NOC,https://etherscan.io/tx/0x6530fb1362ed62fc6be525b27433867b17517ef12d26fe37ba98f14a5a1514f3,,,,
HK,PSH,,PSH_2025E15A,2025-09-26,2025-12-30,,"  25,070.00 ",USDT,,,,,,,
HK,PSH,,PSH_2025E17A_USDT,2025-10-02,2025-12-30,,"  920,352.45 ",USDT,,,,,,,
HK,WKS,,WKS_2025E01A_BTC,2025-10-09,2025-10-13,,  44.86 ,BTC,WKS_2025P01A,WKS_2025E01A_BTC,롤오버,,,,
HK,WKS,,WKS_2025P02A,2025-10-13,2025-12-26,,  44.87 ,BTC,WKS_2025E01A_BTC,WKS_2025P02A,롤오버,,,,
HK,HVF I,,HVF1_2025O01A,2025-10-14,2025-11-10,,"  10,305,090.00 ",MYTH,,,,,,,
HK,LJS,Deposit(External),LJS_2025E01A_USDT,2025-10-21,2026-04-20,,  10.00 ,USDT,Client_LJS,MPC Vault_LJS,https://etherscan.io/tx/0x54ae6a3cc37195900f79b21295db491cc8febd796b294731e92a93c49b9906d6,,,,
HK,HVF I,,HVF1_2025O02A,2025-10-22,2025-11-10,,"  150,414.00 ",MYTH,,,,,,,
HK,MNB,,MNB_2025O02A,2025-10-30,2025-11-24,,"  661,874.17 ",MBX,,,,,논의 필요,,
HK,VCT,,VCT_2025P03A,2025-10-31,2025-11-14,,  0.92323100 ,BTC,,,,실제 거래 X,,,
HK,BAR,Deposit(External),"BAR_2025P01A, BAR_2025E02A_USDT",2025-11-04,2026-02-04,,  8.5 ,USDT,Client_BAR,MPC_BAR,https://etherscan.io/tx/0x95b252d6b82b3e4f00ff81c62f97dd58bf50d0d9fc812622f0cee7c898bc1007,,,,
HK,HSD,Deposit(External),HSD_2025O02A,2025-11-05,2025-11-10,,10.00,ZK,고객_HSD,WSP_OTC,https://explorer.zksync.io/tx/0xe90cd87ad4c185bc9f1f95b03f130a5e71ec48109cf6877c354faa568fd9719d,"  5,603,400.00 ZK만 거래",,,
HK,BAR,Deposit(External),"BAR_2025P01A, BAR_2025E02A_USDT",2025-11-04,2026-02-04,,"  99,998.5 ",USDT,Client_BAR,MPC_BAR,https://etherscan.io/tx/0x305ecd98a4b2878600e353d47a9b7bd1a574e14e536c29552f0488489dc61518,,,,
HK,BAR,Deposit(External),"BAR_2025P01A, BAR_2025E02A_USDT",2025-11-04,2026-02-04,,"  199,996.3 ",USDT,Client_BAR,MPC_BAR,https://etherscan.io/tx/0x6f3f8d2772f59b3db0503f828ce7097c8ab326dbb10f75dcf8b0bda4b801a7de,,,,
HK,BAR,Deposit(Internal),"BAR_2025P01A, BAR_2025E02A_USDT",2025-11-04,2026-02-04,,  3.0 ,USDT,MPC_BAR,바이낸스,https://etherscan.io/tx/0x179eceda791219c542b91c4c8b4d179933b61aafc64c76bb6c3004682bcd3e9b,,,,
HK,BAR,Deposit(Internal),"BAR_2025P01A, BAR_2025E02A_USDT",2025-11-04,2026-02-04,,"  300,000.0 ",USDT,MPC_BAR,바이낸스,https://etherscan.io/tx/0x179eceda791219c542b91c4c8b4d179933b61aafc64c76bb6c3004682bcd3e9b,,,,
HK,LJS,Deposit(External),LJS_2025E01A_USDT,2025-10-21,2026-04-20,,"  325,268.60 ",USDT,Client_LJS,MPC Vault_LJS,https://etherscan.io/tx/0x24cdc5592b098a57ff70fd3dac15c5e04c2cb4467fac4a0750ec03ee008cfb69,,,,
HK,LJS,Deposit(internal),LJS_2025E01A_USDT,2025-10-21,2026-04-20,,"  325,278.60 ",USDT,MPC Vault_LJS,EVM Wallet,https://etherscan.io/tx/0x1e978234b82fa515fa750f83c8e171f2ebc5a760f272e2e28a4270157bdb1c24,,,,
HK,LJS,Deposit(External),"LJS_2025P01A, LJS_2025E02A_USDC",2025-11-06,-,,"  132,628.00 ",USDC,Client_LJS,MPC Vault_LJS,https://etherscan.io/tx/0x53219a8ca617d1e184100e1194ee96598486e8d143bb6a3126cba21d3bbade3e,,,,
HK,LJS,Deposit(internal),"LJS_2025P01A, LJS_2025E02A_USDC",2025-11-06,-,,"  132,628.00 ",USDC,MPC Vault_LJS,Client_LJS,https://etherscan.io/tx/0xb3350cb3c64a199bb397c470ca4630cc5ee202e8c5ed5a0ca28fb84b3b6aaf68,,,,
HK,BLS,Deposit(External),BLS_2025O01A,2025-11-07,2025-12-02,,123,MBX,BLS,,https://kaiascan.io/ko/tx/0x4128d56cf7f2b005b938a30c286040d063433cdd1c5ffb2c8e871cecc4fcf1f2,,,,
HK,BLS,Deposit(External),BLS_2025O01A,2025-11-07,2025-12-02,,1278928,MBX,BLS,,https://kaiascan.io/ko/tx/0x2e4367986437b584933df3b0a5b406bf5936648d789b062814831d0bbf51fb9a?tabId=tokenTransfer&page=1,정산 안 함,,,
,,,,,,,"50,000.00",USDT,SBTrading,WaveSG,,,,,
SG,VFG,Withdrawal(Internal),VFG_2025P01A,2025-05-21,2025-05-30,,"50,000.05",USDT,SBTrading,WaveSG,https://etherscan.io/tx/0xb986e46cd0fa1abdc3faf6ccfbc1e70b71cd705ae43ba2310f98e081477a72df,,,,
HK,HVF I,,HVF1_2025O03A,2025-11-18,2025-11-21,,"  617,000.00 ",DYDX,,,,,,,
HK,LJS,Deposit(External),"LJS_2025P02A, LJS_2025E03A_USDT",2025-11-18,-,,"  199,576.77 ",USDT,Client_LJS,MPC Vault_LJS,https://etherscan.io/tx/0x5b65626ca30bd9bb779045efdd57c2bf25c4985db10ea9efa41c1a67fa68b5e0,,,,
HK,VCT,,VCT_2025P04A,2025-11-17,2025-11-28,,  0.93 ,BTC,,,,실제 거래 X,,,
HK,LJS,Deposit(internal),"LJS_2025P02A, LJS_2025E03A_USDT",2025-11-18,-,,"  199,576.77 ",USDT,MPC Vault_LJS,EVM Wallet,https://etherscan.io/tx/0x7295d14bfd12b799ccbb6ea3ba49e2ee234560bf6ab86e426cfde26faf6a004f,,,,
HK,MED,,MED_2025O01A,2025-11-24,2025-12-05,,"  26,117,798.00 ",MED,,,,논의 필요,,,
HK,HM,Deposit(Internal),HM_2025E02A_USDT,2025-11-26,2026-02-26,,"  100,000 ",USDT,HM_2025E01A_USDT,HM_2025E02A_USDT,롤오버,,,,
HK,MSA,Deposit(Internal),MSA_2025P03A,2025-11-28,2025-12-05,,  0.10 ,BTC,MSA_2025P02A,MSA_2025P03A,롤오버,USDT -> BTC 변환,,,
SG,YJS,Withdrawal(External),YJS_2025E02A_USDT,2025-06-04,2025-07-31,,"34,594.57",USDT,CSP Settle_SG,YJS_개인(fake),https://etherscan.io/tx/0x4d6dbab029180411d18e7ae5f0f1bdbc483590938f0dffe0ebde14f8e6303210,,,,
HK,HVF II,,HVF2_2025O02A,2025-12-08,2025-12-12,,"  476,036.00 ",TAIKO,,,,,,,
HK,MSA,Deposit(Internal),MSA_2025P04A,2025-12-05,2025-12-19,,  0.10 ,BTC,MSA_2025P03A,MSA_2025P04A,롤오버,USDT -> BTC 변환,,,
HK,CRIT,Deposit(External),CRIT_2025O18A,2025-12-16,2026-01-16,,10.00,XPLA,CRIT_개인,WSP,https://explorer.xpla.io/mainnet/tx/AEDCA605D7E5286D8598FC242B5D8A8AB78001EA9B337BE1C61E9384C202EFBC,,,,
HK,MSA,Deposit(Internal),MSA_2025P05A,2025-12-19,2026-01-30,,  0.10 ,BTC,MSA_2025P04A,MSA_2025P05A,롤오버,USDT -> BTC 변환,,,
HK,MVL,,MVL_2025L03A,2025-09-19,2025-12-20,,"  200,000,000.00 ",MVL,,,,논의 필요,,,
SG,YJS,Deposit(Internal),YJS_2025E02A_USDT,2025-06-04,2025-07-31,,"34,279.02",,YJS_2025E01A_USDT,YJS_2025E02A_USDT,롤오버,,,,
HK,MVL,,MVL_2025E02A_USDT,2025-09-19,2025-12-20,,"  100,000.00 ",USDT,,,,논의 필요,,,
HK,MVL,,MVL_2025L04A,2025-12-30,2026-03-30,,"  300,000,000.00 ",MVL,,,,논의 필요,,,
HK,HSD,Deposit(External),HSD_2025O02A,2025-11-05,2025-11-10,,"7,471,188.00",ZK,고객_HSD,WSP_OTC,https://explorer.zksync.io/tx/0xbe7e5455aec8c8f979d0cea3ddd6b5254b7a1a59264eab0065dde9f4bc6b38be,,,,
HK,HSD,Withdrawal(Internal),HSD_2025O02A,2025-11-05,2025-11-10,,10.00,USDT,거래소,MPC_HSD,https://etherscan.io/tx/0xcc83d87e4ddd692c0df90ba9d7545bcebbd36e4a98284149b7b8ae08bd727035,,,,
HK,HSD,Withdrawal(Internal),HSD_2025O02A,2025-11-05,2025-11-10,,"405,258.39",USDT,거래소,MPC_HSD,https://etherscan.io/tx/0xfc59f2bf3c10e8276926d5029c3b66894d11feffb0fb672c82026c191250bbdf,,,,
HK,HSD,Withdrawal(External),HSD_2025O02A,2025-11-05,2025-11-10,,10.00,USDT,MPC_HSD,고객_HSD,https://etherscan.io/tx/0xcc83d87e4ddd692c0df90ba9d7545bcebbd36e4a98284149b7b8ae08bd727035,,,,
HK,HSD,Withdrawal(External),HSD_2025O02A,2025-11-05,2025-11-10,,"405,248.39",USDT,MPC_HSD,고객_HSD,https://etherscan.io/tx/0xfc59f2bf3c10e8276926d5029c3b66894d11feffb0fb672c82026c191250bbdf,,,,
HK,CRIT,Deposit(External),CRIT_2025O18A,2025-12-16,2026-01-16,,"2,833,200.00",XPLA,CRIT_개인,WSP,https://explorer.xpla.io/mainnet/tx/9EBCC745EC9885573E8417D8DCFD81F49D23359C966D8BCAFD4BE8C45489BBD9,,,,
HK,KWK,Deposit(Internal),KWK_2025P04A,2025-09-26,2025-12-26,,"  1,192,846.97 ",USDT,WaveHK,SBTrading,,,,,
HK,KWK,Deposit(Internal),KWK_2025P04A,2025-09-26,2025-12-26,,"  1,192,846.97 ",USDT,SBTrading,Binance - BINANCE_SB,,,,,
HK,JW,Deposit(External),JW_2025P02A,2025-08-29,2025-09-26,,"200,000.00",USDT,JW_개인(fake),MPC_JW,,,,,
HK,JW,Deposit(Internal),JW_2025P02A,2025-08-29,2025-09-26,,"200,000.00",USDT,MPC_JW,SBTrading,,,,,
HK,JW,Deposit(Internal),JW_2025P02A,2025-08-29,2025-09-26,,"200,000.00",USDT,SBTrading,거래소,,,,,
HK,JW,Withdral(External),JW_2025P02A,2025-08-29,2025-09-26,,10.00,USDT,MPC_Settle_HK,JW_개인,https://etherscan.io/tx/0xc581639a6fc675b76df09bc2edc918ace2d16ac8262c5e078c9a05a047fecd40,,,,
HK,JW,Withdral(External),JW_2025P02A,2025-08-29,2025-09-26,,"206,790.00",USDT,MPC_Settle_HK,JW_개인,https://etherscan.io/tx/0x6ad63b8d4dad37a26d2f9ff899909ec301f37bbe0dd7e257a3e688f40695926f,,,,
HK,YWS,Withdrawal(Internal),YWS_2025P02A,2025-06-27,2025-09-26,,0.10,BTC,거래소,MPC_Settle_HK_BTC,f1b96ad0d5bcfe6e310165b9eba458fd808776b36e4b596bc77d74bd3804664f,,,,
HK,YWS,Withdrawal(Internal),YWS_2025P02A,2025-06-27,2025-09-26,,1.50,BTC,거래소,MPC_Settle_HK_BTC,57ac4d4bf947ec73a11c5fe85f7953131ba10e1d9e5c40fc99e3739e3c7045f1,,,,
HK,YWS,Withdrawal(External),YWS_2025P02A,2025-06-27,2025-09-26,,0.00,BTC,MPC_Settle_HK_BTC,YWS_개인,3a4eaea161eb97d7afeeb1c7f7521874b34c0f83f4fe35caaed9f45519eafc67,,,,
HK,YWS,Withdrawal(External),YWS_2025P02A,2025-06-27,2025-09-26,,1.51,BTC,MPC_Settle_HK_BTC,YWS_개인,4521482436bfef3da3a7690d3da1086ec82c9bc3f6416ced769c343c139d9a8e,,,,
SG,LCH,Withdrawal(Internal),LCH_2025E07A_USDT,2025-12-04,2026-03-04,2025-12-31,"1,000,000",USDT,WaveSG,LCH_개인,https://etherscan.io/tx/0xfb3214ea6a98306902c884eb71355024a1ae5f40aa8112e9acf5f8c2a005169c,,,,
SG,LCH,Withdrawal(External),LCH_2025E07A_USDT,2025-12-04,2026-03-04,,10,USDT,SBTrading(SB),WaveSG,https://etherscan.io/tx/0x0f46bb0d6e7a7c61a77440d974716c864b62e59d93d03e1d88f3d99ca191dc72,,,,
SG,LCH,Withdrawal(Internal),LCH_2025E07A_USDT,2025-12-04,2026-03-04,2025-12-31,"1,000,000",USDT,WaveSG,LCH_개인,https://etherscan.io/tx/0xc7aa1d8e1a6158fad84dd6e58950c4f825443d4508de54027ff10f94b4e39ef5,,,,